Model,Accuracy,Precision,Recall,F1 Score,AUC-ROC
Logistic Regression,0.6071428571428571,0.22549019607843138,0.71875,0.34328358208955223,0.6404622395833333
Decision Tree (depth=5),0.7142857142857143,0.24193548387096775,0.46875,0.3191489361702128,0.66357421875
Random Forest (100 trees),0.8303571428571429,0.38461538461538464,0.3125,0.3448275862068966,0.73583984375
