Model,Accuracy,Precision,Recall,F1 Score,AUC-ROC
Logistic Regression,0.5982142857142857,0.044444444444444446,0.5,0.08163265306122448,0.5324074074074074
Decision Tree (depth=5),0.6696428571428571,0.014705882352941176,0.125,0.02631578947368421,0.4050925925925926
Random Forest (100 trees),0.9508928571428571,0.0,0.0,0.0,0.4403935185185185
